{
  "project_info": {
    "project_number": "671019972423",
    "project_id": "calmpuchia",
    "storage_bucket": "calmpuchia.firebasestorage.app"
  },
  "client": [
    {
      "client_info": {
        "mobilesdk_app_id": "1:671019972423:android:1f59aea9bb56de33347e62",
        "android_client_info": {
          "package_name": "com.calmpuchia.userapp"
        }
      },
      "oauth_client": [],
      "api_key": [
        {
          "current_key": "AIzaSyDB16DhJnsyOuCNZJ1CjYWKtaWdX7OrM8U"
        }
      ],
      "services": {
        "appinvite_service": {
          "other_platform_oauth_client": []
        }
      }
    }
  ],
  "configuration_version": "1"
}